medicine_id,name,category,brand,mrp,gst_percentage,pack_size
1,MED_0001,Antibiotic,Brand_76,387.05,18,30
2,MED_0002,Analgesic,Brand_12,951.7,0,14
3,MED_0003,Analgesic,Brand_72,737.35,0,14
4,MED_0004,Diabetic,Brand_29,606.69,18,30
5,MED_0005,Vitamin,Brand_104,172.9,18,10
6,MED_0006,Diabetic,Brand_44,172.87,0,20
7,MED_0007,Antihistamine,Brand_98,76.92,0,20
8,MED_0008,Antibiotic,Brand_49,868.85,0,10
9,MED_0009,Cardiac,Brand_78,609.09,5,20
10,MED_0010,Dermatology,Brand_69,713.91,0,10
11,MED_0011,Antibiotic,Brand_71,40.17,12,20
12,MED_0012,Cardiac,Brand_74,970.51,18,14
13,MED_0013,Analgesic,Brand_85,835.79,0,14
14,MED_0014,Antibiotic,Brand_110,228.09,5,14
15,MED_0015,Diabetic,Brand_36,198.19,0,30
16,MED_0016,Antacid,Brand_48,199.74,5,20
17,MED_0017,Vitamin,Brand_90,318.16,0,90
18,MED_0018,Antacid,Brand_69,534.26,0,90
19,MED_0019,Antacid,Brand_60,443.31,0,30
20,MED_0020,Antihistamine,Brand_88,305.4,5,20
21,MED_0021,Antihistamine,Brand_106,619.62,0,10
22,MED_0022,Diabetic,Brand_35,156.7,5,10
23,MED_0023,Cardiac,Brand_28,306.3,0,90
24,MED_0024,Diabetic,Brand_114,379.03,12,90
25,MED_0025,Antacid,Brand_34,466.95,12,14
26,MED_0026,Vitamin,Brand_96,789.47,0,60
27,MED_0027,Diabetic,Brand_47,215.68,12,14
28,MED_0028,Dermatology,Brand_12,523.95,0,10
29,MED_0029,Antacid,Brand_81,600.57,0,14
30,MED_0030,Antibiotic,Brand_50,65.52,12,30
31,MED_0031,Dermatology,Brand_68,615.39,18,20
32,MED_0032,Analgesic,Brand_88,187.11,18,90
33,MED_0033,Vitamin,Brand_99,83.75,0,90
34,MED_0034,Antibiotic,Brand_38,949.91,5,30
35,MED_0035,Dermatology,Brand_1,966.32,0,90
36,MED_0036,Antacid,Brand_65,812.23,5,10
37,MED_0037,Antihistamine,Brand_20,318.52,5,20
38,MED_0038,Analgesic,Brand_77,115.72,0,20
39,MED_0039,Analgesic,Brand_15,690.55,12,20
40,MED_0040,Antihistamine,Brand_8,451.35,5,14
41,MED_0041,Antibiotic,Brand_11,139.6,18,90
42,MED_0042,Antibiotic,Brand_98,505.27,12,60
43,MED_0043,Antacid,Brand_85,53.7,0,30
44,MED_0044,Antacid,Brand_34,911.13,18,60
45,MED_0045,Diabetic,Brand_28,273.6,18,60
46,MED_0046,Vitamin,Brand_52,669.27,0,90
47,MED_0047,Dermatology,Brand_116,325.48,5,60
48,MED_0048,Antibiotic,Brand_32,529.67,12,14
49,MED_0049,Cardiac,Brand_3,555.78,0,60
50,MED_0050,Antihistamine,Brand_76,201.16,18,14
51,MED_0051,Antibiotic,Brand_91,970.19,0,90
52,MED_0052,Antihistamine,Brand_9,779.63,0,10
53,MED_0053,Antibiotic,Brand_66,940.71,5,14
54,MED_0054,Dermatology,Brand_28,896.93,5,60
55,MED_0055,Dermatology,Brand_32,605.94,0,30
56,MED_0056,Antihistamine,Brand_13,923.44,12,10
57,MED_0057,Cardiac,Brand_55,106.72,12,30
58,MED_0058,Analgesic,Brand_87,212.06,12,90
59,MED_0059,Analgesic,Brand_52,64.32,0,90
60,MED_0060,Antibiotic,Brand_32,338.82,5,14
61,MED_0061,Dermatology,Brand_18,400.9,0,30
62,MED_0062,Vitamin,Brand_60,285.92,0,14
63,MED_0063,Dermatology,Brand_104,832.16,0,60
64,MED_0064,Analgesic,Brand_84,369.62,0,60
65,MED_0065,Antibiotic,Brand_119,295.32,0,14
66,MED_0066,Diabetic,Brand_63,551.84,0,30
67,MED_0067,Diabetic,Brand_116,158.11,0,10
68,MED_0068,Diabetic,Brand_1,806.15,0,30
69,MED_0069,Dermatology,Brand_37,93.06,5,30
70,MED_0070,Dermatology,Brand_20,987.15,18,14
71,MED_0071,Antihistamine,Brand_8,776.8,5,60
72,MED_0072,Analgesic,Brand_96,214.74,18,20
73,MED_0073,Analgesic,Brand_75,25.41,0,30
74,MED_0074,Antacid,Brand_8,819.15,18,60
75,MED_0075,Antacid,Brand_9,712.72,0,60
76,MED_0076,Antihistamine,Brand_52,734.43,0,10
77,MED_0077,Antihistamine,Brand_75,775.84,18,60
78,MED_0078,Antibiotic,Brand_54,92.56,0,90
79,MED_0079,Cardiac,Brand_120,371.3,18,20
80,MED_0080,Cardiac,Brand_31,133.55,0,20
81,MED_0081,Antacid,Brand_86,865.84,12,90
82,MED_0082,Dermatology,Brand_41,630.83,5,10
83,MED_0083,Dermatology,Brand_80,344.28,0,60
84,MED_0084,Antibiotic,Brand_69,82.29,0,14
85,MED_0085,Vitamin,Brand_17,324.76,18,20
86,MED_0086,Antihistamine,Brand_48,338.68,0,20
87,MED_0087,Dermatology,Brand_107,735.01,0,60
88,MED_0088,Analgesic,Brand_86,644.81,5,60
89,MED_0089,Antibiotic,Brand_113,889.47,5,14
90,MED_0090,Antibiotic,Brand_114,482.77,5,10
91,MED_0091,Antacid,Brand_35,137.2,18,20
92,MED_0092,Antihistamine,Brand_92,718.98,18,20
93,MED_0093,Vitamin,Brand_65,765.57,0,30
94,MED_0094,Analgesic,Brand_12,570.05,5,90
95,MED_0095,Vitamin,Brand_6,775.55,12,10
96,MED_0096,Antacid,Brand_82,503.92,5,20
97,MED_0097,Dermatology,Brand_71,532.28,0,90
98,MED_0098,Analgesic,Brand_15,438.99,12,10
99,MED_0099,Analgesic,Brand_107,44.91,0,20
100,MED_0100,Antacid,Brand_56,125.73,18,14
101,MED_0101,Vitamin,Brand_47,50.8,0,10
102,MED_0102,Antihistamine,Brand_88,643.68,5,14
103,MED_0103,Cardiac,Brand_100,328.07,0,60
104,MED_0104,Antacid,Brand_119,518.4,12,14
105,MED_0105,Antacid,Brand_113,909.42,0,30
106,MED_0106,Antacid,Brand_95,264.31,0,20
107,MED_0107,Antihistamine,Brand_35,422.18,12,14
108,MED_0108,Diabetic,Brand_112,760.44,0,10
109,MED_0109,Antihistamine,Brand_26,244.22,12,30
110,MED_0110,Vitamin,Brand_106,95.44,5,14
111,MED_0111,Analgesic,Brand_85,303.96,0,14
112,MED_0112,Cardiac,Brand_36,178.0,12,10
113,MED_0113,Cardiac,Brand_83,931.1,5,60
114,MED_0114,Cardiac,Brand_4,811.96,12,10
115,MED_0115,Antacid,Brand_75,640.74,5,20
116,MED_0116,Antibiotic,Brand_77,874.03,0,30
117,MED_0117,Cardiac,Brand_56,807.6,5,60
118,MED_0118,Antibiotic,Brand_50,202.84,18,60
119,MED_0119,Vitamin,Brand_6,894.71,0,90
120,MED_0120,Analgesic,Brand_67,548.56,12,60
121,MED_0121,Cardiac,Brand_56,811.29,0,10
122,MED_0122,Cardiac,Brand_85,898.17,5,10
123,MED_0123,Vitamin,Brand_86,331.64,5,30
124,MED_0124,Diabetic,Brand_90,127.85,5,20
125,MED_0125,Antacid,Brand_25,243.38,18,30
126,MED_0126,Antacid,Brand_79,438.57,12,60
127,MED_0127,Diabetic,Brand_71,821.65,5,10
128,MED_0128,Vitamin,Brand_27,863.52,5,30
129,MED_0129,Cardiac,Brand_60,26.81,18,30
130,MED_0130,Antihistamine,Brand_66,520.53,12,30
131,MED_0131,Antibiotic,Brand_37,429.06,0,60
132,MED_0132,Cardiac,Brand_12,237.67,18,14
133,MED_0133,Antihistamine,Brand_104,137.47,5,14
134,MED_0134,Analgesic,Brand_6,350.86,0,14
135,MED_0135,Antibiotic,Brand_59,944.05,12,30
136,MED_0136,Antihistamine,Brand_92,336.74,18,90
137,MED_0137,Dermatology,Brand_52,528.41,12,14
138,MED_0138,Analgesic,Brand_115,708.96,0,10
139,MED_0139,Antihistamine,Brand_23,376.36,12,90
140,MED_0140,Dermatology,Brand_7,972.35,18,60
141,MED_0141,Antibiotic,Brand_59,963.2,0,14
142,MED_0142,Cardiac,Brand_97,266.75,12,30
143,MED_0143,Diabetic,Brand_107,507.3,18,60
144,MED_0144,Antacid,Brand_96,314.86,12,30
145,MED_0145,Vitamin,Brand_97,299.14,12,14
146,MED_0146,Dermatology,Brand_81,56.15,5,14
147,MED_0147,Dermatology,Brand_10,617.37,5,90
148,MED_0148,Antihistamine,Brand_35,512.63,5,20
149,MED_0149,Antibiotic,Brand_18,70.45,5,14
150,MED_0150,Diabetic,Brand_89,293.07,0,14
151,MED_0151,Antibiotic,Brand_54,910.1,0,30
152,MED_0152,Dermatology,Brand_54,254.77,5,10
153,MED_0153,Diabetic,Brand_50,162.0,0,60
154,MED_0154,Diabetic,Brand_62,499.66,0,10
155,MED_0155,Vitamin,Brand_97,985.94,5,30
156,MED_0156,Antihistamine,Brand_63,257.21,12,14
157,MED_0157,Diabetic,Brand_63,678.69,5,10
158,MED_0158,Cardiac,Brand_86,766.39,12,90
159,MED_0159,Antacid,Brand_108,252.88,12,30
160,MED_0160,Analgesic,Brand_117,733.65,0,30
161,MED_0161,Analgesic,Brand_11,380.43,18,90
162,MED_0162,Antacid,Brand_111,639.66,12,30
163,MED_0163,Analgesic,Brand_34,640.86,0,30
164,MED_0164,Antihistamine,Brand_59,545.06,5,20
165,MED_0165,Diabetic,Brand_36,108.48,5,30
166,MED_0166,Antibiotic,Brand_61,838.6,5,10
167,MED_0167,Analgesic,Brand_45,334.36,18,14
168,MED_0168,Analgesic,Brand_97,202.79,0,10
169,MED_0169,Antihistamine,Brand_108,59.96,0,10
170,MED_0170,Antacid,Brand_31,599.08,18,14
171,MED_0171,Antibiotic,Brand_73,684.01,12,14
172,MED_0172,Vitamin,Brand_99,36.26,12,20
173,MED_0173,Antibiotic,Brand_100,521.85,0,14
174,MED_0174,Antibiotic,Brand_75,241.97,5,10
175,MED_0175,Diabetic,Brand_51,652.27,5,90
176,MED_0176,Antibiotic,Brand_76,190.88,0,90
177,MED_0177,Antibiotic,Brand_90,697.12,0,20
178,MED_0178,Antibiotic,Brand_102,399.0,18,60
179,MED_0179,Cardiac,Brand_69,938.0,0,30
180,MED_0180,Antibiotic,Brand_65,154.77,5,90
181,MED_0181,Analgesic,Brand_109,354.25,5,30
182,MED_0182,Antibiotic,Brand_56,131.2,12,20
183,MED_0183,Antacid,Brand_56,926.2,12,14
184,MED_0184,Vitamin,Brand_79,879.79,18,60
185,MED_0185,Dermatology,Brand_56,272.78,12,90
186,MED_0186,Vitamin,Brand_42,666.78,18,14
187,MED_0187,Vitamin,Brand_113,820.88,0,30
188,MED_0188,Dermatology,Brand_73,564.1,0,60
189,MED_0189,Cardiac,Brand_4,539.06,12,30
190,MED_0190,Antacid,Brand_63,257.02,5,14
191,MED_0191,Vitamin,Brand_44,111.24,5,20
192,MED_0192,Vitamin,Brand_72,899.27,18,10
193,MED_0193,Antihistamine,Brand_11,902.41,18,14
194,MED_0194,Dermatology,Brand_72,640.44,12,14
195,MED_0195,Dermatology,Brand_58,352.25,12,10
196,MED_0196,Vitamin,Brand_29,362.23,0,30
197,MED_0197,Vitamin,Brand_85,731.44,0,60
198,MED_0198,Dermatology,Brand_71,899.17,5,60
199,MED_0199,Diabetic,Brand_96,889.34,5,60
200,MED_0200,Cardiac,Brand_90,784.28,5,30
201,MED_0201,Vitamin,Brand_33,649.19,5,14
202,MED_0202,Antihistamine,Brand_41,102.46,0,10
203,MED_0203,Antacid,Brand_25,178.4,18,14
204,MED_0204,Vitamin,Brand_93,900.58,12,60
205,MED_0205,Vitamin,Brand_13,614.3,18,14
206,MED_0206,Antihistamine,Brand_47,29.01,5,14
207,MED_0207,Analgesic,Brand_91,119.44,5,60
208,MED_0208,Vitamin,Brand_6,670.23,0,10
209,MED_0209,Vitamin,Brand_90,24.96,18,14
210,MED_0210,Antibiotic,Brand_112,177.59,12,10
211,MED_0211,Vitamin,Brand_61,557.76,18,30
212,MED_0212,Cardiac,Brand_24,698.06,12,10
213,MED_0213,Dermatology,Brand_15,658.92,5,10
214,MED_0214,Dermatology,Brand_10,239.78,12,60
215,MED_0215,Antacid,Brand_20,717.94,0,60
216,MED_0216,Antibiotic,Brand_32,252.5,5,10
217,MED_0217,Diabetic,Brand_78,338.89,18,60
218,MED_0218,Antihistamine,Brand_100,751.56,18,60
219,MED_0219,Dermatology,Brand_117,656.64,12,30
220,MED_0220,Diabetic,Brand_40,852.24,5,60
221,MED_0221,Analgesic,Brand_79,664.46,18,90
222,MED_0222,Antihistamine,Brand_81,576.94,0,14
223,MED_0223,Antibiotic,Brand_21,111.8,5,14
224,MED_0224,Antibiotic,Brand_21,380.36,0,10
225,MED_0225,Dermatology,Brand_89,279.9,12,60
226,MED_0226,Vitamin,Brand_5,259.11,12,14
227,MED_0227,Vitamin,Brand_90,973.55,5,30
228,MED_0228,Antihistamine,Brand_119,405.24,0,20
229,MED_0229,Antihistamine,Brand_55,894.21,18,10
230,MED_0230,Antihistamine,Brand_83,638.52,18,14
231,MED_0231,Antacid,Brand_10,798.92,5,10
232,MED_0232,Vitamin,Brand_77,512.58,0,90
233,MED_0233,Vitamin,Brand_57,585.37,18,10
234,MED_0234,Vitamin,Brand_90,502.67,12,30
235,MED_0235,Dermatology,Brand_57,211.34,5,10
236,MED_0236,Analgesic,Brand_114,728.0,18,30
237,MED_0237,Vitamin,Brand_4,295.16,5,10
238,MED_0238,Analgesic,Brand_98,43.83,0,90
239,MED_0239,Analgesic,Brand_98,652.56,5,14
240,MED_0240,Dermatology,Brand_118,193.57,12,20
241,MED_0241,Diabetic,Brand_82,941.65,0,30
242,MED_0242,Dermatology,Brand_45,954.85,0,30
243,MED_0243,Cardiac,Brand_86,916.57,5,10
244,MED_0244,Cardiac,Brand_53,382.76,0,90
245,MED_0245,Vitamin,Brand_85,35.15,12,30
246,MED_0246,Analgesic,Brand_59,929.75,18,10
247,MED_0247,Vitamin,Brand_42,439.62,5,10
248,MED_0248,Analgesic,Brand_85,967.32,12,60
249,MED_0249,Diabetic,Brand_7,964.35,12,14
250,MED_0250,Cardiac,Brand_80,855.95,18,30
251,MED_0251,Analgesic,Brand_27,308.56,12,20
252,MED_0252,Antacid,Brand_119,397.4,18,20
253,MED_0253,Dermatology,Brand_16,854.11,12,10
254,MED_0254,Antihistamine,Brand_91,330.58,18,14
255,MED_0255,Analgesic,Brand_71,186.1,5,30
256,MED_0256,Antihistamine,Brand_108,565.67,0,10
257,MED_0257,Antibiotic,Brand_83,937.43,12,14
258,MED_0258,Vitamin,Brand_66,702.11,12,90
259,MED_0259,Diabetic,Brand_107,578.66,5,30
260,MED_0260,Antihistamine,Brand_59,115.23,12,60
261,MED_0261,Diabetic,Brand_25,622.71,0,60
262,MED_0262,Antacid,Brand_111,990.25,18,10
263,MED_0263,Diabetic,Brand_44,157.28,5,60
264,MED_0264,Analgesic,Brand_37,527.96,5,90
265,MED_0265,Dermatology,Brand_111,879.83,5,14
266,MED_0266,Dermatology,Brand_45,745.95,12,20
267,MED_0267,Diabetic,Brand_59,703.08,18,20
268,MED_0268,Antihistamine,Brand_74,708.43,0,30
269,MED_0269,Diabetic,Brand_6,372.3,0,20
270,MED_0270,Diabetic,Brand_50,307.72,12,90
271,MED_0271,Dermatology,Brand_5,813.17,0,14
272,MED_0272,Cardiac,Brand_112,813.91,18,10
273,MED_0273,Antibiotic,Brand_68,869.73,12,30
274,MED_0274,Antacid,Brand_53,914.98,0,90
275,MED_0275,Antibiotic,Brand_61,521.12,0,20
276,MED_0276,Diabetic,Brand_84,511.49,5,10
277,MED_0277,Diabetic,Brand_41,802.33,5,90
278,MED_0278,Analgesic,Brand_80,656.96,12,10
279,MED_0279,Vitamin,Brand_30,707.93,0,90
280,MED_0280,Diabetic,Brand_13,799.88,0,90
281,MED_0281,Dermatology,Brand_22,892.21,0,90
282,MED_0282,Analgesic,Brand_6,351.24,5,20
283,MED_0283,Vitamin,Brand_46,388.07,0,20
284,MED_0284,Antacid,Brand_32,112.1,12,60
285,MED_0285,Antacid,Brand_22,586.71,12,14
286,MED_0286,Diabetic,Brand_80,55.22,0,90
287,MED_0287,Dermatology,Brand_117,476.29,0,60
288,MED_0288,Antihistamine,Brand_60,551.79,0,90
289,MED_0289,Dermatology,Brand_33,300.81,5,90
290,MED_0290,Dermatology,Brand_116,599.02,0,20
291,MED_0291,Antacid,Brand_10,49.89,18,30
292,MED_0292,Vitamin,Brand_82,56.6,5,30
293,MED_0293,Dermatology,Brand_109,826.15,5,20
294,MED_0294,Diabetic,Brand_110,372.99,0,30
295,MED_0295,Antihistamine,Brand_49,144.52,0,60
296,MED_0296,Vitamin,Brand_90,531.8,5,20
297,MED_0297,Diabetic,Brand_36,774.59,0,10
298,MED_0298,Analgesic,Brand_117,231.5,18,60
299,MED_0299,Vitamin,Brand_100,630.43,12,14
300,MED_0300,Cardiac,Brand_29,103.64,18,90
301,MED_0301,Vitamin,Brand_87,70.65,0,90
302,MED_0302,Antibiotic,Brand_116,540.73,0,90
303,MED_0303,Vitamin,Brand_101,549.82,0,30
304,MED_0304,Cardiac,Brand_94,644.68,0,14
305,MED_0305,Vitamin,Brand_42,731.57,0,90
306,MED_0306,Antacid,Brand_26,976.34,12,14
307,MED_0307,Cardiac,Brand_68,525.97,18,60
308,MED_0308,Antacid,Brand_33,336.5,5,30
309,MED_0309,Cardiac,Brand_103,799.28,5,10
310,MED_0310,Antibiotic,Brand_19,285.42,12,14
311,MED_0311,Cardiac,Brand_12,450.19,12,30
312,MED_0312,Vitamin,Brand_69,96.89,0,10
313,MED_0313,Cardiac,Brand_87,44.84,12,90
314,MED_0314,Diabetic,Brand_106,963.4,5,90
315,MED_0315,Antibiotic,Brand_87,839.26,5,14
316,MED_0316,Analgesic,Brand_80,702.05,12,60
317,MED_0317,Antihistamine,Brand_83,420.77,5,10
318,MED_0318,Vitamin,Brand_84,189.83,12,30
319,MED_0319,Antacid,Brand_6,173.31,0,10
320,MED_0320,Dermatology,Brand_15,265.24,5,10
321,MED_0321,Antacid,Brand_50,558.24,0,30
322,MED_0322,Diabetic,Brand_76,720.3,5,90
323,MED_0323,Diabetic,Brand_84,666.99,0,10
324,MED_0324,Diabetic,Brand_36,294.34,12,10
325,MED_0325,Antihistamine,Brand_57,955.77,5,30
326,MED_0326,Cardiac,Brand_13,743.14,0,90
327,MED_0327,Cardiac,Brand_8,563.27,5,30
328,MED_0328,Antihistamine,Brand_16,619.49,5,30
329,MED_0329,Antihistamine,Brand_83,431.21,0,90
330,MED_0330,Analgesic,Brand_7,262.78,18,20
331,MED_0331,Antacid,Brand_101,368.85,0,60
332,MED_0332,Antibiotic,Brand_107,762.69,0,60
333,MED_0333,Antihistamine,Brand_105,34.11,0,14
334,MED_0334,Antacid,Brand_101,133.75,5,60
335,MED_0335,Vitamin,Brand_110,65.08,0,14
336,MED_0336,Vitamin,Brand_103,59.91,0,14
337,MED_0337,Analgesic,Brand_17,858.35,0,10
338,MED_0338,Antihistamine,Brand_76,709.58,5,20
339,MED_0339,Antacid,Brand_34,484.69,0,10
340,MED_0340,Diabetic,Brand_68,115.88,0,10
341,MED_0341,Dermatology,Brand_58,501.78,0,20
342,MED_0342,Antibiotic,Brand_58,484.0,18,60
343,MED_0343,Analgesic,Brand_94,189.74,0,90
344,MED_0344,Vitamin,Brand_59,445.17,18,90
345,MED_0345,Analgesic,Brand_62,410.53,0,30
346,MED_0346,Antibiotic,Brand_63,623.53,12,90
347,MED_0347,Antibiotic,Brand_116,642.39,12,10
348,MED_0348,Antacid,Brand_9,64.4,5,14
349,MED_0349,Cardiac,Brand_49,387.12,5,60
350,MED_0350,Vitamin,Brand_59,633.34,18,60
351,MED_0351,Diabetic,Brand_13,513.07,18,90
352,MED_0352,Antihistamine,Brand_56,859.36,0,30
353,MED_0353,Diabetic,Brand_44,665.52,0,30
354,MED_0354,Diabetic,Brand_94,179.68,12,10
355,MED_0355,Diabetic,Brand_41,89.16,5,90
356,MED_0356,Cardiac,Brand_20,649.57,5,90
357,MED_0357,Antibiotic,Brand_12,45.98,12,10
358,MED_0358,Diabetic,Brand_13,594.06,0,90
359,MED_0359,Antacid,Brand_72,941.43,5,10
360,MED_0360,Cardiac,Brand_86,583.96,18,10
361,MED_0361,Cardiac,Brand_112,400.41,12,90
362,MED_0362,Analgesic,Brand_37,650.42,12,60
363,MED_0363,Cardiac,Brand_14,469.09,5,60
364,MED_0364,Antihistamine,Brand_20,554.7,18,90
365,MED_0365,Antihistamine,Brand_109,942.64,12,10
366,MED_0366,Cardiac,Brand_15,398.38,5,20
367,MED_0367,Antihistamine,Brand_104,961.97,18,30
368,MED_0368,Analgesic,Brand_78,907.24,18,90
369,MED_0369,Analgesic,Brand_24,211.88,5,20
370,MED_0370,Cardiac,Brand_45,87.97,5,10
371,MED_0371,Antacid,Brand_73,118.76,0,90
372,MED_0372,Antibiotic,Brand_19,37.86,12,90
373,MED_0373,Antibiotic,Brand_96,112.55,0,60
374,MED_0374,Diabetic,Brand_54,689.35,0,30
375,MED_0375,Antacid,Brand_48,89.76,5,20
376,MED_0376,Antibiotic,Brand_114,332.6,5,10
377,MED_0377,Antacid,Brand_97,847.98,0,60
378,MED_0378,Antibiotic,Brand_35,42.81,0,30
379,MED_0379,Dermatology,Brand_78,818.18,12,30
380,MED_0380,Vitamin,Brand_28,296.22,12,60
381,MED_0381,Cardiac,Brand_56,135.8,0,10
382,MED_0382,Dermatology,Brand_68,702.8,5,90
383,MED_0383,Analgesic,Brand_29,636.36,5,30
384,MED_0384,Analgesic,Brand_1,879.92,18,14
385,MED_0385,Antihistamine,Brand_99,740.37,5,14
386,MED_0386,Vitamin,Brand_42,807.41,5,10
387,MED_0387,Dermatology,Brand_96,296.39,0,30
388,MED_0388,Antacid,Brand_49,193.89,0,60
389,MED_0389,Cardiac,Brand_10,755.6,0,30
390,MED_0390,Diabetic,Brand_3,810.7,0,30
391,MED_0391,Cardiac,Brand_74,990.7,0,30
392,MED_0392,Diabetic,Brand_91,424.37,18,90
393,MED_0393,Vitamin,Brand_15,384.58,12,30
394,MED_0394,Cardiac,Brand_22,780.88,0,60
395,MED_0395,Cardiac,Brand_12,353.99,12,30
396,MED_0396,Antihistamine,Brand_56,932.14,0,60
397,MED_0397,Antibiotic,Brand_51,861.24,12,20
398,MED_0398,Antihistamine,Brand_43,440.41,5,14
399,MED_0399,Antibiotic,Brand_68,755.85,0,60
400,MED_0400,Cardiac,Brand_45,759.45,0,90
401,MED_0401,Antihistamine,Brand_14,121.06,0,14
402,MED_0402,Antihistamine,Brand_23,904.5,5,60
403,MED_0403,Antibiotic,Brand_23,515.15,0,90
404,MED_0404,Dermatology,Brand_97,829.93,12,60
405,MED_0405,Dermatology,Brand_88,333.65,18,60
406,MED_0406,Cardiac,Brand_111,897.61,18,90
407,MED_0407,Antacid,Brand_57,401.42,5,10
408,MED_0408,Dermatology,Brand_81,30.62,12,20
409,MED_0409,Analgesic,Brand_46,907.27,5,60
410,MED_0410,Vitamin,Brand_60,109.46,0,30
411,MED_0411,Analgesic,Brand_48,332.93,0,20
412,MED_0412,Antibiotic,Brand_79,951.06,0,60
413,MED_0413,Diabetic,Brand_60,951.6,18,60
414,MED_0414,Analgesic,Brand_58,581.97,18,60
415,MED_0415,Cardiac,Brand_78,639.2,0,30
416,MED_0416,Antacid,Brand_8,459.48,18,30
417,MED_0417,Cardiac,Brand_92,307.35,0,10
418,MED_0418,Antacid,Brand_6,342.09,18,14
419,MED_0419,Dermatology,Brand_68,679.07,12,60
420,MED_0420,Antacid,Brand_47,757.33,18,20
421,MED_0421,Diabetic,Brand_53,795.75,5,20
422,MED_0422,Analgesic,Brand_102,793.83,18,90
423,MED_0423,Antibiotic,Brand_43,109.38,5,10
424,MED_0424,Diabetic,Brand_37,504.53,18,20
425,MED_0425,Antacid,Brand_43,76.41,18,10
426,MED_0426,Antacid,Brand_118,558.54,18,20
427,MED_0427,Diabetic,Brand_17,452.7,5,60
428,MED_0428,Vitamin,Brand_72,889.95,0,30
429,MED_0429,Antacid,Brand_86,363.9,5,90
430,MED_0430,Antibiotic,Brand_83,134.73,18,90
431,MED_0431,Cardiac,Brand_3,160.13,12,20
432,MED_0432,Antacid,Brand_28,766.28,5,20
433,MED_0433,Antihistamine,Brand_29,625.85,12,14
434,MED_0434,Antibiotic,Brand_38,119.1,0,10
435,MED_0435,Analgesic,Brand_85,102.42,18,20
436,MED_0436,Antacid,Brand_77,706.95,18,30
437,MED_0437,Antacid,Brand_24,91.31,0,90
438,MED_0438,Antacid,Brand_93,825.42,18,30
439,MED_0439,Diabetic,Brand_47,712.12,0,90
440,MED_0440,Dermatology,Brand_79,99.72,0,20
441,MED_0441,Antihistamine,Brand_69,103.14,12,14
442,MED_0442,Dermatology,Brand_116,986.91,5,14
443,MED_0443,Dermatology,Brand_60,386.79,5,20
444,MED_0444,Diabetic,Brand_21,383.23,12,14
445,MED_0445,Antacid,Brand_112,816.54,18,20
446,MED_0446,Dermatology,Brand_112,948.3,0,20
447,MED_0447,Antibiotic,Brand_92,986.28,18,60
448,MED_0448,Vitamin,Brand_11,758.31,0,14
449,MED_0449,Dermatology,Brand_116,388.73,5,60
450,MED_0450,Diabetic,Brand_12,101.83,0,14
451,MED_0451,Cardiac,Brand_120,781.6,12,10
452,MED_0452,Analgesic,Brand_51,567.24,12,60
453,MED_0453,Antihistamine,Brand_50,435.74,5,10
454,MED_0454,Antihistamine,Brand_4,908.23,5,20
455,MED_0455,Cardiac,Brand_102,128.97,0,14
456,MED_0456,Analgesic,Brand_37,502.77,0,30
457,MED_0457,Dermatology,Brand_58,31.13,0,60
458,MED_0458,Antibiotic,Brand_3,479.29,0,20
459,MED_0459,Antacid,Brand_71,75.18,0,90
460,MED_0460,Diabetic,Brand_15,136.44,18,20
461,MED_0461,Vitamin,Brand_16,135.18,0,10
462,MED_0462,Diabetic,Brand_82,656.23,0,60
463,MED_0463,Antibiotic,Brand_15,751.12,12,30
464,MED_0464,Analgesic,Brand_81,591.7,18,60
465,MED_0465,Antihistamine,Brand_92,962.93,18,14
466,MED_0466,Diabetic,Brand_1,387.37,5,60
467,MED_0467,Antihistamine,Brand_74,300.0,5,30
468,MED_0468,Antibiotic,Brand_68,871.23,0,20
469,MED_0469,Analgesic,Brand_50,239.12,0,30
470,MED_0470,Diabetic,Brand_48,963.96,0,20
471,MED_0471,Cardiac,Brand_101,31.91,0,10
472,MED_0472,Antihistamine,Brand_94,970.48,5,90
473,MED_0473,Cardiac,Brand_18,62.3,0,10
474,MED_0474,Cardiac,Brand_105,893.32,5,90
475,MED_0475,Dermatology,Brand_90,537.15,0,30
476,MED_0476,Antacid,Brand_9,993.11,0,90
477,MED_0477,Analgesic,Brand_38,92.32,12,14
478,MED_0478,Antihistamine,Brand_114,562.78,0,10
479,MED_0479,Vitamin,Brand_66,969.92,5,30
480,MED_0480,Dermatology,Brand_33,532.64,18,10
481,MED_0481,Vitamin,Brand_46,636.81,0,10
482,MED_0482,Vitamin,Brand_16,701.83,5,20
483,MED_0483,Diabetic,Brand_96,465.45,12,30
484,MED_0484,Cardiac,Brand_24,635.01,12,30
485,MED_0485,Cardiac,Brand_119,592.63,12,60
486,MED_0486,Antibiotic,Brand_94,903.13,5,30
487,MED_0487,Diabetic,Brand_78,64.54,0,14
488,MED_0488,Vitamin,Brand_42,295.34,18,10
489,MED_0489,Cardiac,Brand_85,951.4,0,20
490,MED_0490,Dermatology,Brand_78,892.46,5,90
491,MED_0491,Antacid,Brand_89,466.54,12,30
492,MED_0492,Dermatology,Brand_6,627.73,5,90
493,MED_0493,Diabetic,Brand_36,291.83,5,90
494,MED_0494,Antibiotic,Brand_86,204.36,0,90
495,MED_0495,Cardiac,Brand_66,474.42,12,90
496,MED_0496,Analgesic,Brand_19,366.29,0,60
497,MED_0497,Analgesic,Brand_17,591.98,12,10
498,MED_0498,Cardiac,Brand_47,96.18,0,30
499,MED_0499,Analgesic,Brand_78,974.91,18,14
500,MED_0500,Cardiac,Brand_48,986.49,12,30
