supplier_id,supplier_name,contact_email,contact_phone
1,Supplier_1,supplier1@example.com,+919686579303
2,Supplier_2,supplier2@example.com,+919119540831
3,Supplier_3,supplier3@example.com,+919026855092
4,Supplier_4,supplier4@example.com,+919796233790
5,Supplier_5,supplier5@example.com,+919295310485
6,Supplier_6,supplier6@example.com,+919262950628
7,Supplier_7,supplier7@example.com,+919239670711
8,Supplier_8,supplier8@example.com,+919149827706
9,Supplier_9,supplier9@example.com,+919790779946
10,Supplier_10,supplier10@example.com,+919110053353
